frame_index,timestamp_sec
0,1766878173.8956604
1,1766878173.9623308
2,1766878173.9623308
3,1766878174.0290012
4,1766878174.062337
5,1766878174.0956726
6,1766878174.1290083
7,1766878174.1623428
8,1766878174.1623428
9,1766878174.2290144
10,1766878174.2623482
11,1766878174.2956831
12,1766878174.329018
13,1766878174.3623528
14,1766878174.3956869
15,1766878174.4623563
16,1766878174.4956913
17,1766878174.529025
18,1766878174.56236
19,1766878174.5956948
20,1766878174.6290288
21,1766878174.6623635
22,1766878174.6956985
23,1766878174.6956985
24,1766878174.7623672
25,1766878174.795702
26,1766878174.829037
27,1766878174.8623717
28,1766878174.8957052
29,1766878174.9290402
30,1766878174.962375
31,1766878174.962375
32,1766878175.0957131
33,1766878175.1290472
34,1766878175.162382
35,1766878175.1957166
36,1766878175.2623856
37,1766878175.2957208
38,1766878175.2957208
39,1766878175.5290644
40,1766878175.5290644
41,1766878175.595734
42,1766878175.6290689
43,1766878175.662404
44,1766878175.695739
45,1766878175.7290733
46,1766878175.7957435
47,1766878175.8290784
48,1766878175.8290784
49,1766878175.8624125
50,1766878175.8957477
51,1766878175.8957477
52,1766878176.0290866
53,1766878176.0624218
54,1766878176.0624218
55,1766878176.0957558
56,1766878176.1290908
57,1766878176.1624258
58,1766878176.195761
59,1766878176.229095
60,1766878176.2624319
61,1766878176.295769
62,1766878176.329105
63,1766878176.3957791
64,1766878176.3957791
65,1766878176.4624524
66,1766878176.4624524
67,1766878176.6291375
68,1766878176.6291375
69,1766878176.6958108
70,1766878176.7624855
71,1766878176.7624855
72,1766878176.8291595
73,1766878176.8291595
74,1766878176.9291706
75,1766878176.962508
76,1766878176.9958458
77,1766878177.1625326
78,1766878177.1958692
79,1766878177.2292068
80,1766878177.2958825
81,1766878177.2958825
82,1766878177.4959116
83,1766878177.5292501
84,1766878177.5625877
85,1766878177.5959263
86,1766878177.6292648
87,1766878177.6292648
88,1766878177.6292648
89,1766878177.6292648
90,1766878178.0293272
91,1766878178.0960054
92,1766878178.0960054
93,1766878178.1960223
94,1766878178.2626905
95,1766878178.2960262
96,1766878178.2960262
97,1766878178.3626974
98,1766878178.4293675
99,1766878178.462703
100,1766878178.4960387
101,1766878178.5627089
102,1766878178.5627089
103,1766878178.6627142
104,1766878178.6960502
105,1766878178.7293856
106,1766878178.76272
107,1766878178.7960556
108,1766878178.8293912
109,1766878178.8293912
110,1766878178.9627326
111,1766878178.996067
112,1766878179.0294027
113,1766878179.0960739
114,1766878179.1294084
115,1766878179.1294084
116,1766878179.1960795
117,1766878179.1960795
118,1766878179.2627501
119,1766878179.2960863
120,1766878179.3294225
121,1766878179.3960936
122,1766878179.3960936
123,1766878179.462766
124,1766878179.462766
125,1766878179.529437
126,1766878179.5627732
127,1766878179.5961082
128,1766878179.6294444
129,1766878179.6627805
130,1766878179.729452
131,1766878179.762788
132,1766878179.7961242
133,1766878179.7961242
134,1766878179.8627956
135,1766878179.8627956
136,1766878179.9961393
137,1766878179.9961393
138,1766878180.062812
139,1766878180.0961473
140,1766878180.1294835
141,1766878180.1628196
142,1766878180.196156
143,1766878180.229491
144,1766878180.229491
145,1766878180.4962387
146,1766878180.5295823
147,1766878180.5629258
148,1766878180.5962687
149,1766878180.629612
150,1766878180.6962986
151,1766878180.7296426
152,1766878180.7629864
153,1766878180.7629864
154,1766878180.8630173
155,1766878180.8630173
156,1766878180.9630487
157,1766878180.9630487
158,1766878181.029737
159,1766878181.0630803
160,1766878181.0964248
161,1766878181.1297693
162,1766878181.2631094
163,1766878181.2964437
164,1766878181.2964437
165,1766878181.3964493
166,1766878181.4297836
167,1766878181.4297836
168,1766878181.496454
169,1766878181.496454
170,1766878181.6631281
171,1766878181.6964633
172,1766878181.7297986
173,1766878181.7631338
174,1766878181.796468
175,1766878181.8298032
176,1766878181.8631384
177,1766878181.8964736
178,1766878181.963143
179,1766878181.9964783
180,1766878181.9964783
181,1766878182.1631532
182,1766878182.2631645
183,1766878182.2965019
184,1766878182.3298397
185,1766878182.3298397
186,1766878182.4298508
187,1766878182.4298508
188,1766878182.5298622
189,1766878182.5631998
190,1766878182.596537
191,1766878182.6298735
192,1766878182.663211
193,1766878182.663211
194,1766878182.7965603
195,1766878182.8298976
196,1766878182.8298976
197,1766878182.9299095
198,1766878182.9299095
199,1766878183.029921
200,1766878183.029921
201,1766878183.1966066
202,1766878183.2299428
203,1766878183.2632756
204,1766878183.29661
205,1766878183.29661
206,1766878183.363278
207,1766878183.3966122
208,1766878183.3966122
209,1766878183.4632807
210,1766878183.4966142
211,1766878183.5299485
212,1766878183.6299505
213,1766878183.6299505
214,1766878183.9299567
215,1766878183.96329
216,1766878183.9966242
217,1766878184.0299585
218,1766878184.0966258
219,1766878184.12996
220,1766878184.12996
221,1766878184.196628
222,1766878184.229962
223,1766878184.263297
224,1766878184.2966323
225,1766878184.3299665
226,1766878184.3633018
227,1766878184.3633018
228,1766878184.4299722
229,1766878184.4633064
230,1766878184.4966416
231,1766878184.4966416
232,1766878184.5966463
233,1766878184.6299815
234,1766878184.6299815
235,1766878184.7299862
236,1766878184.7633214
237,1766878184.7633214
238,1766878184.929995
239,1766878184.929995
240,1766878185.16334
241,1766878185.1966743
242,1766878185.2300098
243,1766878185.2633443
244,1766878185.2966783
245,1766878185.2966783
246,1766878185.463352
247,1766878185.530022
248,1766878185.563356
249,1766878185.563356
250,1766878185.7300296
251,1766878185.7300296
252,1766878185.8967028
253,1766878185.8967028
254,1766878185.9633715
255,1766878185.9633715
256,1766878186.063375
257,1766878186.09671
258,1766878186.09671
259,1766878186.2300487
260,1766878186.2633815
261,1766878186.2633815
262,1766878186.3300507
263,1766878186.3300507
264,1766878186.4300537
265,1766878186.4633882
266,1766878186.4967227
267,1766878186.5300562
268,1766878186.563391
269,1766878186.6300588
270,1766878186.6633933
271,1766878186.6967278
272,1766878186.7300622
273,1766878186.7633958
274,1766878186.7967303
275,1766878186.8300648
276,1766878186.8633993
277,1766878186.8967326
278,1766878186.9967349
279,1766878187.0300694
280,1766878187.0634036
281,1766878187.096738
282,1766878187.1300716
283,1766878187.1634057
284,1766878187.1967402
285,1766878187.1967402
286,1766878187.2634077
287,1766878187.3300765
288,1766878187.3634095
289,1766878187.3634095
290,1766878187.4300778
291,1766878187.4967453
292,1766878187.5300796
293,1766878187.596747
294,1766878187.6300807
295,1766878187.663415
296,1766878187.696749
297,1766878187.7300823
298,1766878187.7634163
299,1766878187.7967505
300,1766878187.8300846
301,1766878187.8634174
302,1766878187.8967514
303,1766878187.9300854
304,1766878187.9634187
305,1766878187.9634187
306,1766878188.0300868
307,1766878188.0300868
308,1766878188.0967534
309,1766878188.1300874
310,1766878188.1634214
311,1766878188.1967554
312,1766878188.230089
313,1766878188.2634225
314,1766878188.2967565
315,1766878188.3300898
316,1766878188.396758
317,1766878188.396758
318,1766878188.4634252
319,1766878188.4967592
320,1766878188.5300932
321,1766878188.5634272
322,1766878188.5967603
323,1766878188.6300943
324,1766878188.6300943
325,1766878188.6967611
326,1766878188.7634292
327,1766878188.7967632
328,1766878188.8300962
329,1766878188.86343
330,1766878188.8967638
331,1766878188.9300969
332,1766878188.9634306
333,1766878188.9967647
334,1766878189.0300984
335,1766878189.0634315
336,1766878189.1300988
337,1766878189.1634328
338,1766878189.2301
339,1766878189.2634342
340,1766878189.2967672
341,1766878189.3301017
342,1766878189.363436
343,1766878189.3967705
344,1766878189.4301038
345,1766878189.463438
346,1766878189.4967725
347,1766878189.5301068
348,1766878189.5634398
349,1766878189.596774
350,1766878189.6301086
351,1766878189.663442
352,1766878189.6967762
353,1766878189.7301104
354,1766878189.7634447
355,1766878189.8301117
356,1766878189.863446
357,1766878189.8967803
358,1766878189.9634476
359,1766878189.9967818
360,1766878190.030115
361,1766878190.063449
362,1766878190.0967832
363,1766878190.1301172
364,1766878190.1967845
365,1766878190.230119
366,1766878190.2634518
367,1766878190.2967863
368,1766878190.3301208
369,1766878190.3967886
370,1766878190.4301229
371,1766878190.4634573
372,1766878190.4967916
373,1766878190.5301247
374,1766878190.5967934
375,1766878190.6301267
376,1766878190.6634612
377,1766878190.6967955
378,1766878190.7301297
379,1766878190.7634628
380,1766878190.796797
381,1766878190.8634655
382,1766878190.8967988
383,1766878190.930133
384,1766878190.9634671
385,1766878190.9634671
386,1766878191.0301344
387,1766878191.0634687
388,1766878191.0968027
389,1766878191.130136
390,1766878191.16347
391,1766878191.1968043
392,1766878191.2301388
393,1766878191.263472
394,1766878191.296807
395,1766878191.3301418
396,1766878191.3634756
397,1766878191.430145
398,1766878191.4634798
399,1766878191.4968135
400,1766878191.5301485
401,1766878191.5634832
402,1766878191.6301515
403,1766878191.6301515
404,1766878191.7301545
405,1766878191.7634892
406,1766878191.796824
407,1766878191.8634925
408,1766878191.8968272
409,1766878191.930162
410,1766878191.9634953
411,1766878191.99683
412,1766878192.0301647
413,1766878192.0634992
414,1766878192.096833
415,1766878192.1301677
416,1766878192.1635022
417,1766878192.196837
418,1766878192.2301707
419,1766878192.2301707
420,1766878192.3301725
421,1766878192.363507
422,1766878192.3968413
423,1766878192.4301758
424,1766878192.463509
425,1766878192.4968433
426,1766878192.5301778
427,1766878192.5635118
428,1766878192.5968451
429,1766878192.6301794
430,1766878192.6968472
431,1766878192.7301815
432,1766878192.7635157
433,1766878192.79685
434,1766878192.830183
435,1766878192.8635173
436,1766878192.8968515
437,1766878192.9301846
438,1766878192.9635189
439,1766878192.996853
440,1766878193.0301874
441,1766878193.0301874
442,1766878193.0968544
443,1766878193.1301887
444,1766878193.1635227
445,1766878193.196856
446,1766878193.2635248
447,1766878193.296858
448,1766878193.3301923
449,1766878193.3635268
450,1766878193.396861
451,1766878193.4301944
452,1766878193.4635289
453,1766878193.4635289
454,1766878193.5301974
455,1766878193.5635307
456,1766878193.596865
457,1766878193.6301992
458,1766878193.6301992
459,1766878193.6968668
460,1766878193.6968668
461,1766878193.7635353
462,1766878193.7968683
463,1766878193.8302026
464,1766878193.8968709
465,1766878193.9302042
466,1766878193.9635384
467,1766878193.9968727
468,1766878194.0302055
469,1766878194.0635397
470,1766878194.0968738
471,1766878194.130208
472,1766878194.163541
473,1766878194.1968753
474,1766878194.2302103
475,1766878194.2635438
476,1766878194.2968788
477,1766878194.3302135
478,1766878194.3635485
479,1766878194.3635485
480,1766878194.430217
481,1766878194.430217
482,1766878194.4968867
483,1766878194.5302205
484,1766878194.5635552
485,1766878194.5635552
486,1766878194.6635585
487,1766878194.6968932
488,1766878194.730228
489,1766878194.7635617
490,1766878194.8302312
491,1766878194.863566
492,1766878194.8968997
493,1766878194.9635692
494,1766878194.996903
495,1766878195.0302374
496,1766878195.0635722
497,1766878195.096907
498,1766878195.1302404
499,1766878195.1635752
500,1766878195.19691
501,1766878195.2302446
502,1766878195.263578
503,1766878195.2969124
504,1766878195.2969124
505,1766878195.3969145
506,1766878195.4302487
507,1766878195.4635832
508,1766878195.4969165
509,1766878195.4969165
510,1766878195.5635853
511,1766878195.5969183
512,1766878195.6302526
513,1766878195.6302526
514,1766878195.6969213
515,1766878195.7302547
516,1766878195.7969232
517,1766878195.8302574
518,1766878195.8635905
519,1766878195.8969247
520,1766878195.930259
521,1766878195.963592
522,1766878195.9969263
523,1766878196.0302606
524,1766878196.0635948
525,1766878196.130262
526,1766878196.1635962
527,1766878196.1969302
528,1766878196.2302635
529,1766878196.2636018
530,1766878196.2969403
531,1766878196.3302782
532,1766878196.363617
533,1766878196.3969555
534,1766878196.4302945
535,1766878196.4636323
536,1766878196.4969711
537,1766878196.5303102
538,1766878196.5636492
539,1766878196.596987
540,1766878196.6303263
541,1766878196.6636653
542,1766878196.6970036
543,1766878196.7303429
544,1766878196.7636821
545,1766878196.7970212
546,1766878196.8303597
547,1766878196.863699
548,1766878196.8970385
549,1766878196.930377
550,1766878196.9637165
551,1766878196.9970562
552,1766878197.0303957
553,1766878197.0970743
554,1766878197.1304138
555,1766878197.1637537
556,1766878197.1970925
557,1766878197.2304323
558,1766878197.2637677
559,1766878197.2971022
560,1766878197.3304374
561,1766878197.3637729
562,1766878197.3971083
563,1766878197.4304426
564,1766878197.463778
565,1766878197.4971135
566,1766878197.5304487
567,1766878197.5637832
568,1766878197.5971186
569,1766878197.6304538
570,1766878197.6637883
571,1766878197.6971235
572,1766878197.730459
573,1766878197.7637944
574,1766878197.7971287
575,1766878197.8304641
576,1766878197.8637993
577,1766878197.8971348
578,1766878197.930469
579,1766878197.930469
580,1766878197.9971397
581,1766878198.0638094
582,1766878198.0971448
583,1766878198.13048
584,1766878198.1638145
585,1766878198.1971498
586,1766878198.2304852
587,1766878198.2638206
588,1766878198.2971573
589,1766878198.3304937
590,1766878198.397166
591,1766878198.4305024
592,1766878198.463839
593,1766878198.4971757
594,1766878198.5305114
595,1766878198.5638483
596,1766878198.6305208
597,1766878198.6638575
598,1766878198.697194
599,1766878198.730531
600,1766878198.730531
601,1766878198.7972035
602,1766878198.8305402
603,1766878198.8972132
604,1766878198.93055
605,1766878198.9638867
606,1766878198.9972227
607,1766878199.0305595
608,1766878199.0638964
609,1766878199.0972333
610,1766878199.1639066
611,1766878199.1972435
612,1766878199.2305803
613,1766878199.2639148
614,1766878199.2972503
615,1766878199.3305855
616,1766878199.3305855
617,1766878199.3972552
618,1766878199.4305906
619,1766878199.4972603
620,1766878199.4972603
621,1766878199.5972655
622,1766878199.5972655
623,1766878199.6639361
624,1766878199.7306056
625,1766878199.7639408
626,1766878199.7972763
627,1766878199.8306115
628,1766878199.863946
629,1766878199.8972812
630,1766878199.9306166
631,1766878199.9639509
632,1766878199.9972863
633,1766878200.0306215
634,1766878200.0306215
635,1766878200.0972912
636,1766878200.1306264
637,1766878200.163962
638,1766878200.197297
639,1766878200.2639673
640,1766878200.2973032
641,1766878200.3306382
642,1766878200.3639739
643,1766878200.3973098
644,1766878200.4306457
645,1766878200.4306457
646,1766878200.5639882
647,1766878200.5973232
648,1766878200.630659
649,1766878200.663995
650,1766878200.69733
651,1766878200.730666
652,1766878200.7640018
653,1766878200.8306727
654,1766878200.864009
655,1766878200.8973448
656,1766878200.8973448
657,1766878200.9640157
658,1766878200.9973516
659,1766878201.0306876
660,1766878201.0640225
661,1766878201.1306946
662,1766878201.1640306
663,1766878201.1640306
664,1766878201.2640364
665,1766878201.2640364
666,1766878201.3307066
667,1766878201.3640423
668,1766878201.3973777
669,1766878201.4307125
670,1766878201.4307125
671,1766878201.4973838
672,1766878201.5307193
673,1766878201.564054
674,1766878201.6307254
675,1766878201.6640599
676,1766878201.6973956
677,1766878201.7307312
678,1766878201.764067
679,1766878201.764067
680,1766878201.830737
681,1766878201.8640728
682,1766878201.9307432
683,1766878201.964079
684,1766878201.9974146
685,1766878202.0307493
686,1766878202.0307493
687,1766878202.0974205
688,1766878202.1307561
689,1766878202.1640909
690,1766878202.1974266
691,1766878202.230762
692,1766878202.2640967
693,1766878202.2974324
694,1766878202.364104
695,1766878202.3974388
696,1766878202.4307745
697,1766878202.4641101
698,1766878202.4974458
699,1766878202.5307806
700,1766878202.5641165
701,1766878202.5974522
702,1766878202.630787
703,1766878202.6641226
704,1766878202.6974583
705,1766878202.7307942
706,1766878202.764129
707,1766878202.7974646
708,1766878202.8308003
709,1766878202.897471
710,1766878202.9641423
711,1766878202.997477
712,1766878203.030813
713,1766878203.0641487
714,1766878203.0974844
715,1766878203.1308193
716,1766878203.164155
717,1766878203.1974907
718,1766878203.2641609
719,1766878203.297496
720,1766878203.3308313
721,1766878203.3641655
722,1766878203.3975008
723,1766878203.430836
724,1766878203.4641712
725,1766878203.4975054
726,1766878203.5308406
727,1766878203.5641758
728,1766878203.59751
729,1766878203.6308453
730,1766878203.6641805
731,1766878203.6975157
732,1766878203.7308495
733,1766878203.7641847
734,1766878203.79752
735,1766878203.8308551
736,1766878203.8641894
737,1766878203.8975246
738,1766878203.8975246
739,1766878203.964194
740,1766878203.997529
741,1766878204.0308642
742,1766878204.0641994
743,1766878204.0975337
744,1766878204.130869
745,1766878204.1642041
746,1766878204.197539
747,1766878204.2308733
748,1766878204.2642086
749,1766878204.2975435
750,1766878204.3308778
751,1766878204.364213
752,1766878204.397548
753,1766878204.4308832
754,1766878204.464217
755,1766878204.5308871
756,1766878204.5975564
757,1766878204.6308916
758,1766878204.6642265
759,1766878204.6642265
760,1766878204.7308958
761,1766878204.7642307
762,1766878204.797566
763,1766878204.8309
764,1766878204.8642352
765,1766878204.8975701
766,1766878204.9309042
767,1766878204.9642394
768,1766878204.9975743
769,1766878205.0642433
770,1766878205.0975783
771,1766878205.1309133
772,1766878205.1642482
773,1766878205.1975825
774,1766878205.2309175
775,1766878205.2642527
776,1766878205.2975872
777,1766878205.3642576
778,1766878205.397593
779,1766878205.4309273
780,1766878205.4642625
781,1766878205.497598
782,1766878205.5309331
783,1766878205.5976028
784,1766878205.630938
785,1766878205.6642723
786,1766878205.6976078
787,1766878205.730943
788,1766878205.7642782
789,1766878205.7976127
790,1766878205.8309476
791,1766878205.8642828
792,1766878205.9309525
793,1766878205.9642878
794,1766878205.9976232
795,1766878206.0309575
796,1766878206.0976279
797,1766878206.1309633
798,1766878206.1642976
799,1766878206.1976328
800,1766878206.2643023
801,1766878206.2976375
802,1766878206.3309727
803,1766878206.3643079
804,1766878206.3976421
805,1766878206.4309773
806,1766878206.4976478
807,1766878206.530982
808,1766878206.5643172
809,1766878206.5976524
810,1766878206.6643217
811,1766878206.6976569
812,1766878206.730992
813,1766878206.7643263
814,1766878206.7976615
815,1766878206.8309968
816,1766878206.864332
817,1766878206.897666
818,1766878206.9310012
819,1766878206.9643364
820,1766878206.9976707
821,1766878207.0310059
822,1766878207.064341
823,1766878207.097676
824,1766878207.1310103
825,1766878207.1976807
826,1766878207.231016
827,1766878207.2643502
828,1766878207.2976856
829,1766878207.331021
830,1766878207.3976908
831,1766878207.4310262
832,1766878207.4643614
833,1766878207.4976957
834,1766878207.5310311
835,1766878207.5977008
836,1766878207.631036
837,1766878207.6643715
838,1766878207.697707
839,1766878207.7310412
840,1766878207.7643766
841,1766878207.797712
842,1766878207.8643818
843,1766878207.897717
844,1766878207.9310524
845,1766878207.964387
846,1766878207.964387
847,1766878208.0310576
848,1766878208.0643928
849,1766878208.0977273
850,1766878208.1310627
851,1766878208.1310627
852,1766878208.1977334
853,1766878208.2310677
854,1766878208.2310677
855,1766878208.331073
856,1766878208.3644083
857,1766878208.3977437
858,1766878208.4310791
859,1766878208.4644134
860,1766878208.4977489
861,1766878208.5310843
862,1766878208.5644197
863,1766878208.597754
864,1766878208.6310894
865,1766878208.664425
866,1766878208.6977592
867,1766878208.7310946
868,1766878208.76443
869,1766878208.7977653
870,1766878208.864435
871,1766878208.8977702
872,1766878208.9311047
873,1766878208.96444
874,1766878208.9977753
875,1766878209.0311108
876,1766878209.0644453
877,1766878209.0977805
878,1766878209.0977805
879,1766878209.1644514
880,1766878209.1977856
881,1766878209.231121
882,1766878209.2644563
883,1766878209.2977908
884,1766878209.331126
885,1766878209.3644614
886,1766878209.3977969
887,1766878209.4311311
888,1766878209.4978018
889,1766878209.5311372
890,1766878209.5644715
891,1766878209.5644715
892,1766878209.6311421
893,1766878209.6311421
894,1766878209.6978118
895,1766878209.7644825
896,1766878209.797817
897,1766878209.8311522
898,1766878209.8311522
899,1766878209.8978229
900,1766878209.931157
901,1766878209.9644923
902,1766878210.031162
903,1766878210.031162
904,1766878210.1311681
905,1766878210.1645024
906,1766878210.1645024
907,1766878210.231173
908,1766878210.2645075
909,1766878210.2978432
910,1766878210.3311787
911,1766878210.3645144
912,1766878210.4311845
913,1766878210.46452
914,1766878210.4978557
915,1766878210.5311902
916,1766878210.5645258
917,1766878210.5978613
918,1766878210.631196
919,1766878210.6645315
920,1766878210.6645315
921,1766878210.7312028
922,1766878210.7645373
923,1766878210.8312085
924,1766878210.8645442
925,1766878210.8978786
926,1766878210.9312143
927,1766878210.96455
928,1766878210.9978845
929,1766878211.064556
930,1766878211.0978913
931,1766878211.131226
932,1766878211.1645617
933,1766878211.1978972
934,1766878211.2645671
935,1766878211.2979026
936,1766878211.3312378
937,1766878211.3979075
938,1766878211.431243
939,1766878211.4645782
940,1766878211.5312479
941,1766878211.5645833
942,1766878211.5979176
943,1766878211.6645882
944,1766878211.6979237
945,1766878211.731258
946,1766878211.7645934
947,1766878211.7979286
948,1766878211.831264
949,1766878211.864598
950,1766878211.9312687
951,1766878211.9646032
952,1766878211.9979384
953,1766878212.0312738
954,1766878212.064609
955,1766878212.0979433
956,1766878212.1312788
957,1766878212.164614
958,1766878212.164614
959,1766878212.2312837
960,1766878212.264619
961,1766878212.2979546
962,1766878212.331289
963,1766878212.39796
964,1766878212.4312954
965,1766878212.4979653
966,1766878212.5646362
967,1766878212.5979707
968,1766878212.6646419
969,1766878212.697976
970,1766878212.7313118
971,1766878212.7646472
972,1766878212.7979827
973,1766878212.8646526
974,1766878212.897988
975,1766878212.9313226
976,1766878212.964658
977,1766878212.9979935
978,1766878213.0646634
979,1766878213.0979989
980,1766878213.1313343
981,1766878213.1646698
982,1766878213.1980042
983,1766878213.1980042
984,1766878213.2646751
985,1766878213.2980096
986,1766878213.331345
987,1766878213.3646808
988,1766878213.3980162
989,1766878213.4313505
990,1766878213.4980216
991,1766878213.5313573
992,1766878213.598027
993,1766878213.598027
994,1766878213.6646972
995,1766878213.6980326
996,1766878213.731368
997,1766878213.7980382
998,1766878213.8313737
999,1766878213.8647091
1000,1766878213.8980448
1001,1766878213.9313793
1002,1766878213.9647148
1003,1766878213.9980502
1004,1766878214.031385
1005,1766878214.0647204
1006,1766878214.0980558
1007,1766878214.164726
1008,1766878214.1980615
1009,1766878214.231397
1010,1766878214.2647314
1011,1766878214.3314025
1012,1766878214.3314025
1013,1766878214.3980727
1014,1766878214.4314082
1015,1766878214.4647436
1016,1766878214.5314138
1017,1766878214.5314138
1018,1766878214.598085
1019,1766878214.6314194
1020,1766878214.6647549
1021,1766878214.6980906
1022,1766878214.731426
1023,1766878214.7980962
1024,1766878214.7980962
1025,1766878214.9314373
1026,1766878214.9314373
1027,1766878214.9981074
1028,1766878215.0314429
1029,1766878215.0647783
1030,1766878215.1314485
1031,1766878215.1647842
1032,1766878215.1981196
1033,1766878215.231455
1034,1766878215.231455
1035,1766878215.3647954
1036,1766878215.3981311
1037,1766878215.4314666
1038,1766878215.4648023
1039,1766878215.4981368
1040,1766878215.5314724
1041,1766878215.5314724
1042,1766878215.6648138
1043,1766878215.6648138
1044,1766878215.6648138
1045,1766878215.8314908
1046,1766878215.8648252
1047,1766878215.8648252
1048,1766878215.9314966
1049,1766878215.964831
1050,1766878215.9981668
1051,1766878216.0315022
1052,1766878216.064838
1053,1766878216.0981727
1054,1766878216.131508
1055,1766878216.1648438
1056,1766878216.231514
1057,1766878216.26485
1058,1766878216.2981858
1059,1766878216.3315208
1060,1766878216.3315208
1061,1766878216.3981926
1062,1766878216.4315288
1063,1766878216.4648638
1064,1766878216.4981997
1065,1766878216.5315356
1066,1766878216.5648715
1067,1766878216.5982068
1068,1766878216.6315427
1069,1766878216.6648786
1070,1766878216.6982136
1071,1766878216.7315497
1072,1766878216.7648857
1073,1766878216.7982216
1074,1766878216.8648927
1075,1766878216.8982286
1076,1766878216.9315639
1077,1766878216.9649
1078,1766878217.031572
1079,1766878217.064907
1080,1766878217.0982432
1081,1766878217.1315792
1082,1766878217.1649153
1083,1766878217.1982503
1084,1766878217.264922
1085,1766878217.2982562
1086,1766878217.3315916
1087,1766878217.3315916
1088,1766878217.3982625
1089,1766878217.4649322
1090,1766878217.4982677
1091,1766878217.531603
1092,1766878217.531603
1093,1766878217.6316082
1094,1766878217.6649427
1095,1766878217.698278
1096,1766878217.7316134
1097,1766878217.7649488
1098,1766878217.8316183
1099,1766878217.8649538
1100,1766878217.8982892
1101,1766878217.964959
1102,1766878217.9982944
1103,1766878218.0316288
1104,1766878218.064964
1105,1766878218.131635
1106,1766878218.1649692
1107,1766878218.23164
1108,1766878218.2649748
1109,1766878218.2983103
1110,1766878218.331646
1111,1766878218.3649817
1112,1766878218.3983164
1113,1766878218.431652
1114,1766878218.4649878
1115,1766878218.4983234
1116,1766878218.5316582
1117,1766878218.5649939
1118,1766878218.5983295
1119,1766878218.5983295
1120,1766878218.6649997
1121,1766878218.6983354
1122,1766878218.731671
1123,1766878218.7983415
1124,1766878218.8316772
1125,1766878218.8316772
1126,1766878218.8983476
1127,1766878218.9316833
1128,1766878218.9983537
1129,1766878219.0316894
1130,1766878219.0650253
1131,1766878219.098361
1132,1766878219.1316957
1133,1766878219.1650314
1134,1766878219.2317028
1135,1766878219.265037
1136,1766878219.2983725
1137,1766878219.3317077
1138,1766878219.365042
1139,1766878219.3983774
1140,1766878219.4317126
1141,1766878219.4650478
1142,1766878219.4650478
1143,1766878219.5317175
1144,1766878219.5650527
1145,1766878219.5650527
1146,1766878219.6317222
1147,1766878219.6650577
1148,1766878219.6983929
1149,1766878219.7317271
1150,1766878219.7650623
1151,1766878219.7983978
1152,1766878219.831733
1153,1766878219.8650672
1154,1766878219.8984025
1155,1766878219.8984025
1156,1766878219.9984071
1157,1766878220.0317423
1158,1766878220.0317423
1159,1766878220.0984118
1160,1766878220.1317472
1161,1766878220.1650825
1162,1766878220.1984177
1163,1766878220.1984177
1164,1766878220.2984228
1165,1766878220.331757
1166,1766878220.3650925
1167,1766878220.398428
1168,1766878220.4317632
1169,1766878220.4984329
1170,1766878220.5317683
1171,1766878220.5651038
1172,1766878220.598438
1173,1766878220.6317735
1174,1766878220.6651087
1175,1766878220.7317786
1176,1766878220.7651138
1177,1766878220.7984493
1178,1766878220.8317835
1179,1766878220.865119
1180,1766878220.9317887
1181,1766878220.965124
1182,1766878220.9984593
1183,1766878221.0317945
1184,1766878221.098464
1185,1766878221.1317995
1186,1766878221.165135
1187,1766878221.1984692
1188,1766878221.2318046
1189,1766878221.26514
1190,1766878221.2984746
1191,1766878221.3651454
1192,1766878221.398481
1193,1766878221.4318154
1194,1766878221.4651506
1195,1766878221.498486
1196,1766878221.5318215
1197,1766878221.5984914
1198,1766878221.6318269
1199,1766878221.6651614
1200,1766878221.6984968
1201,1766878221.7318323
1202,1766878221.798502
1203,1766878221.8318374
1204,1766878221.8651729
1205,1766878221.8985083
1206,1766878221.9318428
1207,1766878221.9651783
1208,1766878221.9985137
1209,1766878222.031848
1210,1766878222.0651834
1211,1766878222.0985188
1212,1766878222.1318543
1213,1766878222.1985242
1214,1766878222.2318597
1215,1766878222.265194
1216,1766878222.2985294
1217,1766878222.3652005
1218,1766878222.3985348
1219,1766878222.4318702
1220,1766878222.4652057
1221,1766878222.498541
1222,1766878222.5318754
1223,1766878222.5985465
1224,1766878222.6318808
1225,1766878222.6652162
1226,1766878222.6985517
1227,1766878222.731887
1228,1766878222.7652216
1229,1766878222.8318925
1230,1766878222.865228
1231,1766878222.8985624
1232,1766878222.9318979
1233,1766878222.9652333
1234,1766878223.0319033
1235,1766878223.0652387
1236,1766878223.0985742
1237,1766878223.1319087
1238,1766878223.165244
1239,1766878223.1985795
1240,1766878223.231915
1241,1766878223.2652493
1242,1766878223.2985845
1243,1766878223.365254
1244,1766878223.3985891
1245,1766878223.4319243
1246,1766878223.4652596
1247,1766878223.4985938
1248,1766878223.5652642
1249,1766878223.5985985
1250,1766878223.6319337
1251,1766878223.665269
1252,1766878223.6986043
1253,1766878223.7319384
1254,1766878223.7986088
1255,1766878223.831944
1256,1766878223.8652782
1257,1766878223.8986135
1258,1766878223.9319487
1259,1766878223.998618
1260,1766878224.031953
1261,1766878224.0652883
1262,1766878224.1319578
1263,1766878224.165293
1264,1766878224.1986282
1265,1766878224.2319624
1266,1766878224.265298
1267,1766878224.298633
1268,1766878224.3319676
1269,1766878224.3653028
1270,1766878224.3986382
1271,1766878224.4319737
1272,1766878224.465308
1273,1766878224.4986434
1274,1766878224.565314
1275,1766878224.5986483
1276,1766878224.6319838
1277,1766878224.6653192
1278,1766878224.6986532
1279,1766878224.7653239
1280,1766878224.7986593
1281,1766878224.8319936
1282,1766878224.865329
1283,1766878224.8986642
1284,1766878224.9319987
1285,1766878224.9653342
1286,1766878224.9986694
1287,1766878225.0320048
1288,1766878225.065339
1289,1766878225.0986745
1290,1766878225.1320097
1291,1766878225.1653452
1292,1766878225.1986794
1293,1766878225.232015
1294,1766878225.2653503
1295,1766878225.2986848
1296,1766878225.365356
1297,1766878225.3986914
1298,1766878225.432026
1299,1766878225.4653614
1300,1766878225.498697
1301,1766878225.565367
1302,1766878225.5987024
1303,1766878225.632038
1304,1766878225.6653726
1305,1766878225.698708
1306,1766878225.7653792
1307,1766878225.7987137
1308,1766878225.8320491
1309,1766878225.8653846
1310,1766878225.8987203
1311,1766878225.9653902
1312,1766878225.998726
1313,1766878226.0320604
1314,1766878226.0653958
1315,1766878226.0987313
1316,1766878226.132067
1317,1766878226.1654015
1318,1766878226.2320724
1319,1766878226.2654068
1320,1766878226.298742
1321,1766878226.3320775
1322,1766878226.3654127
1323,1766878226.398747
1324,1766878226.4320824
1325,1766878226.4654176
1326,1766878226.498753
1327,1766878226.5320873
1328,1766878226.5654228
1329,1766878226.5987582
1330,1766878226.6320925
1331,1766878226.6987631
1332,1766878226.7320986
1333,1766878226.7654328
1334,1766878226.7987683
1335,1766878226.865439
1336,1766878226.8987734
1337,1766878226.9321086
1338,1766878226.965444
1339,1766878226.9987783
1340,1766878227.0654492
1341,1766878227.0987844
1342,1766878227.1654541
1343,1766878227.1987896
1344,1766878227.2654595
1345,1766878227.2987952
1346,1766878227.3321307
1347,1766878227.3988008
1348,1766878227.4321365
1349,1766878227.4654722
1350,1766878227.5321424
1351,1766878227.5654778
1352,1766878227.5988126
1353,1766878227.632148
1354,1766878227.6654837
1355,1766878227.6988192
1356,1766878227.732154
1357,1766878227.7654893
1358,1766878227.7654893
1359,1766878227.898831
1360,1766878227.9321663
1361,1766878227.9321663
1362,1766878227.9988365
1363,1766878228.0321722
1364,1766878228.065508
1365,1766878228.0988424
1366,1766878228.132178
1367,1766878228.1655135
1368,1766878228.1988492
1369,1766878228.1988492
1370,1766878228.2988653
1371,1766878228.332204
1372,1766878228.3655438
1373,1766878228.3988838
1374,1766878228.4322236
1375,1766878228.4655628
1376,1766878228.4989026
1377,1766878228.5322428
1378,1766878228.5655828
1379,1766878228.5989215
1380,1766878228.6322618
1381,1766878228.6656017
1382,1766878228.698941
1383,1766878228.7322812
1384,1766878228.7656214
1385,1766878228.7989616
1386,1766878228.8323007
1387,1766878228.865641
1388,1766878228.8989813
1389,1766878228.9323208
1390,1766878228.9323208
1391,1766878228.9990015
1392,1766878229.0323417
1393,1766878229.0656815
1394,1766878229.0990217
1395,1766878229.1657028
1396,1766878229.1990423
1397,1766878229.2323806
1398,1766878229.2657177
1399,1766878229.2990534
1400,1766878229.3990636
1401,1766878229.465736
1402,1766878229.4990728
1403,1766878229.565745
1404,1766878229.565745
1405,1766878229.6324186
1406,1766878229.6657543
1407,1766878229.699091
1408,1766878229.732428
1409,1766878229.7991006
1410,1766878229.8324373
1411,1766878229.8657742
1412,1766878229.8991108
1413,1766878229.9657834
1414,1766878230.0324564
1415,1766878230.065793
1416,1766878230.065793
1417,1766878230.1324668
1418,1766878230.1991394
1419,1766878230.2658114
1420,1766878230.332485
1421,1766878230.399157
1422,1766878230.4324937
1423,1766878230.4658303
1424,1766878230.5325027
1425,1766878230.5325027
1426,1766878230.599176
1427,1766878230.599176
1428,1766878230.6658485
1429,1766878230.7325218
1430,1766878230.7325218
1431,1766878230.799194
1432,1766878230.799194
1433,1766878230.93254
1434,1766878230.93254
1435,1766878230.9992125
1436,1766878231.065886
1437,1766878231.065886
1438,1766878231.1325586
1439,1766878231.1992316
1440,1766878231.2659044
1441,1766878231.2992415
1442,1766878231.3325784
1443,1766878231.365914
1444,1766878231.399251
1445,1766878231.4325879
1446,1766878231.4325879
1447,1766878231.4992604
1448,1766878231.4992604
1449,1766878231.5659344
1450,1766878231.5992703
1451,1766878231.6326072
1452,1766878231.665944
1453,1766878231.699281
1454,1766878231.732617
1455,1766878231.7659538
1456,1766878231.7992907
1457,1766878231.7992907
1458,1766878231.8659637
1459,1766878231.8659637
1460,1766878231.9659734
1461,1766878231.9659734
1462,1766878232.2326663
1463,1766878232.299335
1464,1766878232.3660033
1465,1766878232.3993375
1466,1766878232.4326723
1467,1766878232.4993405
1468,1766878232.5660095
1469,1766878232.5660095
1470,1766878232.6326778
1471,1766878232.6660123
1472,1766878232.699346
1473,1766878232.699346
1474,1766878232.7660148
1475,1766878232.7993493
1476,1766878232.832683
1477,1766878232.832683
1478,1766878232.9993546
1479,1766878233.0326889
1480,1766878233.0660224
1481,1766878233.099357
1482,1766878233.1326914
1483,1766878233.1326914
1484,1766878233.1993594
1485,1766878233.1993594
1486,1766878233.2660284
1487,1766878233.299362
1488,1766878233.3326964
1489,1766878233.3326964
1490,1766878233.3993654
1491,1766878233.432699
1492,1766878233.4993682
1493,1766878233.5327027
1494,1766878233.5660362
1495,1766878233.5993707
1496,1766878233.6660383
1497,1766878233.6993728
1498,1766878233.7327073
1499,1766878233.7660418
1500,1766878233.8327096
1501,1766878233.866044
1502,1766878233.8993783
1503,1766878233.8993783
1504,1766878233.966046
1505,1766878234.0660481
1506,1766878234.0993826
1507,1766878234.132717
1508,1766878234.1660502
1509,1766878234.2327194
1510,1766878234.2660537
1511,1766878234.2993891
1512,1766878234.3327243
1513,1766878234.3660598
1514,1766878234.399394
1515,1766878234.399394
1516,1766878234.4994001
1517,1766878234.56607
1518,1766878234.56607
1519,1766878234.6327398
1520,1766878234.6994104
1521,1766878234.7327456
1522,1766878234.7660801
1523,1766878234.7660801
1524,1766878234.866086
1525,1766878234.9327557
1526,1766878234.9660912
1527,1766878234.9994254
1528,1766878235.0660958
1529,1766878235.0994315
1530,1766878235.1327655
1531,1766878235.1994362
1532,1766878235.2661054
1533,1766878235.3327746
1534,1766878235.3327746
1535,1766878235.3994431
1536,1766878235.3994431
1537,1766878235.499446
1538,1766878235.5327804
1539,1766878235.566115
1540,1766878235.5994487
1541,1766878235.6327832
1542,1766878235.6994524
1543,1766878235.732786
1544,1766878235.7661207
1545,1766878235.7994552
1546,1766878235.8327897
1547,1766878235.8994575
1548,1766878235.9327922
1549,1766878235.9661257
1550,1766878235.9994602
1551,1766878236.0327947
1552,1766878236.0994627
1553,1766878236.1661315
1554,1766878236.1994658
1555,1766878236.2327993
1556,1766878236.2661366
1557,1766878236.2661366
1558,1766878236.3328087
1559,1766878236.3994823
1560,1766878236.4328187
1561,1766878236.4328187
1562,1766878236.499491
1563,1766878236.5328276
1564,1766878236.5661643
1565,1766878236.5661643
1566,1766878236.666173
1567,1766878236.666173
1568,1766878236.7328455
1569,1766878236.7328455
1570,1766878236.8328545
1571,1766878236.8328545
1572,1766878236.8995278
1573,1766878236.9328635
1574,1766878236.9328635
1575,1766878237.0328736
1576,1766878237.0995462
1577,1766878237.1328828
1578,1766878237.1328828
1579,1766878237.2328916
1580,1766878237.2995584
1581,1766878237.3328927
1582,1766878237.3662267
1583,1766878237.3995607
1584,1766878237.4328938
1585,1766878237.4662278
1586,1766878237.4995618
1587,1766878237.566229
1588,1766878237.599563
1589,1766878237.632897
1590,1766878237.632897
1591,1766878237.699564
1592,1766878237.732898
1593,1766878237.766232
1594,1766878237.7995646
1595,1766878237.8662326
1596,1766878237.8995667
1597,1766878237.9328995
1598,1766878238.0329
1599,1766878238.0662339
1600,1766878238.1329017
1601,1766878238.1995683
1602,1766878238.2329025
1603,1766878238.2662363
1604,1766878238.332906
1605,1766878238.3662407
1606,1766878238.3995748
1607,1766878238.4329095
1608,1766878238.4329095
1609,1766878238.5995824
1610,1766878238.5995824
1611,1766878238.666251
1612,1766878238.699586
1613,1766878238.7329206
1614,1766878238.7662544
1615,1766878238.7662544
1616,1766878238.832924
1617,1766878238.8995924
1618,1766878238.9662619
1619,1766878239.1329334
1620,1766878239.1329334
1621,1766878239.3329375
1622,1766878239.3329375
1623,1766878239.4329388
1624,1766878239.53294
1625,1766878239.566274
1626,1766878239.599607
1627,1766878239.632941
1628,1766878239.6996088
1629,1766878239.7662756
1630,1766878239.7662756
1631,1766878239.8329437
1632,1766878239.932944
1633,1766878239.932944
1634,1766878240.0329447
1635,1766878240.0662785
1636,1766878240.0996113
1637,1766878240.1662793
1638,1766878240.2329493
1639,1766878240.2662828
1640,1766878240.2662828
1641,1766878240.3329496
1642,1766878240.3329496
1643,1766878240.3996177
1644,1766878240.4329517
1645,1766878240.4662848
1646,1766878240.5329523
1647,1766878240.5996194
1648,1766878240.5996194
1649,1766878240.6662872
1650,1766878240.7329535
1651,1766878240.7662876
1652,1766878240.8329542
1653,1766878240.8996217
1654,1766878240.8996217
1655,1766878240.9662883
1656,1766878241.0329556
1657,1766878241.099622
1658,1766878241.1662893
1659,1766878241.2329562
1660,1766878241.2996233
1661,1766878241.366292
1662,1766878241.366292
1663,1766878241.4329593
1664,1766878241.4329593
1665,1766878241.4996276
1666,1766878241.5329618
1667,1766878241.5662951
1668,1766878241.5996292
1669,1766878241.6329634
1670,1766878241.6662965
1671,1766878241.6996305
1672,1766878241.7329648
1673,1766878241.7662988
1674,1766878241.7996318
1675,1766878241.832966
1676,1766878241.8663
1677,1766878241.8996341
1678,1766878241.9329672
1679,1766878241.9663012
1680,1766878241.9996352
1681,1766878242.0329683
1682,1766878242.0663023
1683,1766878242.0996363
1684,1766878242.1329703
1685,1766878242.1663032
1686,1766878242.1996372
1687,1766878242.2329714
1688,1766878242.2663047
1689,1766878242.2996392
1690,1766878242.3329735
1691,1766878242.366308
1692,1766878242.399641
1693,1766878242.4329755
1694,1766878242.4663098
1695,1766878242.4996443
1696,1766878242.5329776
1697,1766878242.599646
1698,1766878242.6329794
1699,1766878242.6663136
1700,1766878242.699648
1701,1766878242.7329822
1702,1766878242.7663155
1703,1766878242.7996497
1704,1766878242.832984
1705,1766878242.832984
1706,1766878242.9663196
1707,1766878243.1663225
1708,1766878243.1663225
1709,1766878243.1663225
1710,1766878243.3663273
1711,1766878243.3663273
1712,1766878243.5996678
1713,1766878243.5996678
1714,1766878243.666337
1715,1766878243.666337
1716,1766878243.7330048
1717,1766878243.7330048
1718,1766878244.066348
1719,1766878244.0996816
1720,1766878244.133016
1721,1766878244.1663506
1722,1766878244.1663506
1723,1766878244.2330184
1724,1766878244.2663555
1725,1766878244.2996924
1726,1766878244.333028
1727,1766878244.366365
1728,1766878244.3997018
1729,1766878244.4330385
1730,1766878244.4663744
1731,1766878244.4997115
1732,1766878244.4997115
1733,1766878244.6997313
1734,1766878244.7330687
1735,1766878244.7664056
1736,1766878244.7997427
1737,1766878244.8330789
1738,1766878244.866416
1739,1766878244.899753
1740,1766878244.9330893
1741,1766878244.9664266
1742,1766878244.999764
1743,1766878245.033101
1744,1766878245.0664372
1745,1766878245.0997746
1746,1766878245.0997746
1747,1766878245.1664493
1748,1766878245.1997857
1749,1766878245.2331228
1750,1766878245.2664626
1751,1766878245.2998016
1752,1766878245.3331416
1753,1766878245.3998215
1754,1766878245.3998215
1755,1766878245.733221
1756,1766878245.7665613
1757,1766878245.7999008
1758,1766878245.8332412
1759,1766878245.8665817
1760,1766878245.8999224
1761,1766878245.9332619
1762,1766878245.9666026
1763,1766878245.999943
1764,1766878246.0332828
1765,1766878246.0666234
1766,1766878246.0999644
1767,1766878246.1333048
1768,1766878246.1666448
1769,1766878246.1999855
1770,1766878246.2333264
1771,1766878246.26666
1772,1766878246.2999952
1773,1766878246.3333304
1774,1766878246.3999999
1775,1766878246.433335
1776,1766878246.4666703
1777,1766878246.5000055
1778,1766878246.5333395
1779,1766878246.5666747
1780,1766878246.6000097
1781,1766878246.633344
1782,1766878246.6666791
1783,1766878246.7000144
1784,1766878246.7333496
1785,1766878246.7666838
1786,1766878246.800019
1787,1766878246.8333542
1788,1766878246.8666894
1789,1766878246.9000237
1790,1766878246.933359
1791,1766878246.933359
1792,1766878247.0000284
1793,1766878247.0333636
1794,1766878247.0666988
1795,1766878247.100034
1796,1766878247.1333683
1797,1766878247.1667035
1798,1766878247.2000387
1799,1766878247.2333739
1800,1766878247.2667081
1801,1766878247.300044
1802,1766878247.3333795
1803,1766878247.3667138
1804,1766878247.4000494
1805,1766878247.433385
1806,1766878247.4667208
1807,1766878247.500055
1808,1766878247.5333908
1809,1766878247.5667264
1810,1766878247.600061
1811,1766878247.6333966
1812,1766878247.6333966
1813,1766878247.766738
1814,1766878247.8000736
1815,1766878247.8334093
1816,1766878247.8667438
1817,1766878247.9334152
1818,1766878248.0000856
1819,1766878248.0334213
1820,1766878248.1000915
1821,1766878248.1334271
1822,1766878248.2000985
1823,1766878248.2334332
1824,1766878248.3001053
1825,1766878248.3334403
1826,1766878248.4001122
1827,1766878248.4334483
1828,1766878248.5001192
1829,1766878248.566791
1830,1766878248.600126
1831,1766878248.633462
1832,1766878248.6667979
1833,1766878248.7001328
1834,1766878248.7668047
1835,1766878248.8001406
1836,1766878248.8668115
1837,1766878248.9001474
1838,1766878248.9668183
1839,1766878249.0001543
1840,1766878249.0334902
1841,1766878249.0668252
1842,1766878249.133497
1843,1766878249.166833
1844,1766878249.2335038
1845,1766878249.2668397
1846,1766878249.3335102
1847,1766878249.366846
1848,1766878249.4335165
1849,1766878249.5001884
1850,1766878249.533524
1851,1766878249.6001947
1852,1766878249.6335304
1853,1766878249.700201
1854,1766878249.7335367
1855,1766878249.7668724
1856,1766878249.8002074
1857,1766878249.833543
1858,1766878249.9002144
1859,1766878249.966885
1860,1766878250.0002208
1861,1766878250.0668914
1862,1766878250.100227
1863,1766878250.1668978
1864,1766878250.2002335
1865,1766878250.2669039
1866,1766878250.3335786
1867,1766878250.3669157
1868,1766878250.4335897
1869,1766878250.466927
1870,1766878250.5336008
1871,1766878250.5669384
1872,1766878250.6336124
1873,1766878250.6669497
1874,1766878250.7336247
1875,1766878250.7669613
1876,1766878250.8336365
1877,1766878250.9003105
1878,1766878250.9669857
1879,1766878251.0003223
1880,1766878251.03366
1881,1766878251.03366
1882,1766878251.1003351
1883,1766878251.1336718
1884,1766878251.1670096
1885,1766878251.2003472
1886,1766878251.2336848
1887,1766878251.2670214
1888,1766878251.3003561
1889,1766878251.333691
1890,1766878251.3670247
1891,1766878251.4003594
1892,1766878251.4336941
1893,1766878251.4670289
1894,1766878251.5003624
1895,1766878251.5336971
1896,1766878251.5670316
1897,1766878251.6003652
1898,1766878251.6337
1899,1766878251.6337
1900,1766878251.7003691
1901,1766878251.7670374
1902,1766878251.8337066
1903,1766878251.9003747
1904,1766878251.9337094
1905,1766878251.9337094
1906,1766878252.0003774
1907,1766878252.0670466
1908,1766878252.1003802
1909,1766878252.1003802
1910,1766878252.1670492
1911,1766878252.2337172
1912,1766878252.3003871
1913,1766878252.3003871
1914,1766878252.3670564
1915,1766878252.4003913
1916,1766878252.4337263
1917,1766878252.4670603
1918,1766878252.5337305
1919,1766878252.6003997
1920,1766878252.6003997
1921,1766878252.6670697
1922,1766878252.7004035
1923,1766878252.7337387
1924,1766878252.7670736
1925,1766878252.8004088
1926,1766878252.8337429
1927,1766878252.8670778
1928,1766878252.900413
1929,1766878252.933747
1930,1766878252.967082
1931,1766878253.0004172
1932,1766878253.0337522
1933,1766878253.0670865
1934,1766878253.1004214
1935,1766878253.1337566
1936,1766878253.1670916
1937,1766878253.2004256
1938,1766878253.2337608
1939,1766878253.2670965
1940,1766878253.3004298
1941,1766878253.333764
1942,1766878253.3670986
1943,1766878253.400433
1944,1766878253.4337664
1945,1766878253.4671006
1946,1766878253.500435
1947,1766878253.5337694
1948,1766878253.5671024
1949,1766878253.600437
1950,1766878253.6671045
1951,1766878253.7004387
1952,1766878253.733773
1953,1766878253.7671072
1954,1766878253.8004403
1955,1766878253.8337746
1956,1766878253.8671088
1957,1766878253.900443
1958,1766878253.9337764
1959,1766878253.9671106
1960,1766878254.0004447
1961,1766878254.0337777
1962,1766878254.067112
1963,1766878254.067112
1964,1766878254.1337802
1965,1766878254.1671133
1966,1766878254.2004476
1967,1766878254.2004476
1968,1766878254.3004498
1969,1766878254.3337843
1970,1766878254.367119
1971,1766878254.4004526
1972,1766878254.4004526
1973,1766878254.467122
1974,1766878254.5004566
1975,1766878254.5004566
1976,1766878254.5671248
1977,1766878254.6004596
1978,1766878254.6337929
1979,1766878254.6337929
1980,1766878254.700462
1981,1766878254.7337966
1982,1766878254.7671301
1983,1766878254.8004649
1984,1766878254.8337994
1985,1766878254.8671339
1986,1766878254.9004674
1987,1766878254.933802
1988,1766878254.933802
1989,1766878255.00047
1990,1766878255.0338044
1991,1766878255.067139
1992,1766878255.1004734
1993,1766878255.133807
1994,1766878255.1671414
1995,1766878255.200476
1996,1766878255.2338102
1997,1766878255.2671447
1998,1766878255.3004794
1999,1766878255.333814
2000,1766878255.3671474
2001,1766878255.400482
2002,1766878255.4338164
2003,1766878255.467151
2004,1766878255.5004842
2005,1766878255.5338187
2006,1766878255.567153
2007,1766878255.6004865
2008,1766878255.633821
2009,1766878255.6671553
2010,1766878255.7004898
2011,1766878255.7338233
2012,1766878255.7671576
2013,1766878255.800492
2014,1766878255.833826
2015,1766878255.8671596
2016,1766878255.9004939
2017,1766878255.9338284
2018,1766878255.9671617
2019,1766878256.0338304
2020,1766878256.1004977
2021,1766878256.133832
2022,1766878256.1671665
2023,1766878256.2005007
2024,1766878256.233834
2025,1766878256.233834
2026,1766878256.3338351
2027,1766878256.3671691
2028,1766878256.3671691
2029,1766878256.4338372
2030,1766878256.4671702
2031,1766878256.5005043
2032,1766878256.533838
2033,1766878256.567172
2034,1766878256.600505
2035,1766878256.6338391
2036,1766878256.667173
2037,1766878256.700506
2038,1766878256.7338398
2039,1766878256.7671735
2040,1766878256.8005075
2041,1766878256.8338404
2042,1766878256.8671744
2043,1766878256.9005082
2044,1766878256.9338408
2045,1766878256.9671748
2046,1766878257.0005085
2047,1766878257.0338423
2048,1766878257.0671751
2049,1766878257.1338425
2050,1766878257.1671762
2051,1766878257.200509
2052,1766878257.2338428
2053,1766878257.267178
2054,1766878257.3005126
2055,1766878257.333848
2056,1766878257.3671834
2057,1766878257.4338534
2058,1766878257.4671888
2059,1766878257.5005243
2060,1766878257.5005243
2061,1766878257.567194
2062,1766878257.6005294
2063,1766878257.6338649
2064,1766878257.6671994
2065,1766878257.7005348
2066,1766878257.7338703
2067,1766878257.7672057
2068,1766878257.8005402
2069,1766878257.8338754
2070,1766878257.8672109
2071,1766878257.9005463
2072,1766878257.9338808
2073,1766878257.9672163
2074,1766878258.0005517
2075,1766878258.0338862
2076,1766878258.0672216
2077,1766878258.1005569
2078,1766878258.1338923
2079,1766878258.1672268
2080,1766878258.2005622
2081,1766878258.2338977
2082,1766878258.267232
2083,1766878258.3339012
2084,1766878258.3672357
2085,1766878258.400569
2086,1766878258.4339032
2087,1766878258.4672377
2088,1766878258.4672377
2089,1766878258.5339057
2090,1766878258.5672402
2091,1766878258.6005747
2092,1766878258.633908
2093,1766878258.6672425
2094,1766878258.700577
2095,1766878258.7339113
2096,1766878258.7672446
2097,1766878258.800579
2098,1766878258.8339133
2099,1766878258.8672478
2100,1766878258.9005811
2101,1766878258.9339156
2102,1766878258.9672499
2103,1766878259.0005832
2104,1766878259.0339174
2105,1766878259.0672517
2106,1766878259.1005862
2107,1766878259.1339195
2108,1766878259.1339195
2109,1766878259.200588
2110,1766878259.2339225
2111,1766878259.2672555
2112,1766878259.300592
2113,1766878259.3339286
2114,1766878259.3672643
2115,1766878259.4006007
2116,1766878259.433937
2117,1766878259.4672737
2118,1766878259.5006092
2119,1766878259.5339458
2120,1766878259.600618
2121,1766878259.6339543
2122,1766878259.667291
2123,1766878259.7006273
2124,1766878259.7339633
2125,1766878259.7673
2126,1766878259.8006363
2127,1766878259.833973
2128,1766878259.8673086
2129,1766878259.900645
2130,1766878259.9339817
2131,1766878260.000654
2132,1766878260.0339904
2133,1766878260.0673273
2134,1766878260.100663
2135,1766878260.1339996
2136,1766878260.1339996
2137,1766878260.2006729
2138,1766878260.2340086
2139,1766878260.3006856
2140,1766878260.3340232
2141,1766878260.3673618
2142,1766878260.4007006
2143,1766878260.4340394
2144,1766878260.4673772
2145,1766878260.4673772
2146,1766878260.5340548
2147,1766878260.5673935
2148,1766878260.6007314
2149,1766878260.6340704
2150,1766878260.6674092
2151,1766878260.700747
2152,1766878260.7340863
2153,1766878260.767425
2154,1766878260.8007638
2155,1766878260.8341022
2156,1766878260.867441
2157,1766878260.90078
2158,1766878260.90078
2159,1766878260.967457
2160,1766878261.000796
2161,1766878261.0341353
2162,1766878261.0674734
2163,1766878261.1008124
2164,1766878261.1341517
2165,1766878261.1674907
2166,1766878261.200829
2167,1766878261.200829
2168,1766878261.200829
2169,1766878261.3008451
2170,1766878261.3341846
2171,1766878261.3675237
2172,1766878261.4008627
2173,1766878261.4342012
2174,1766878261.4675403
2175,1766878261.5008795
2176,1766878261.5675573
2177,1766878261.600897
2178,1766878261.600897
2179,1766878261.667575
2180,1766878261.7009146
2181,1766878261.7009146
2182,1766878261.7675939
2183,1766878261.8009324
2184,1766878261.8676116
2185,1766878261.9009514
2186,1766878261.9342902
2187,1766878261.9342902
2188,1766878262.00097
2189,1766878262.034309
2190,1766878262.0676486
2191,1766878262.1009889
2192,1766878262.1676676
2193,1766878262.2010078
2194,1766878262.234348
2195,1766878262.2676837
2196,1766878262.2676837
2197,1766878262.3676937
2198,1766878262.4010293
2199,1766878262.434366
2200,1766878262.4677024
2201,1766878262.501039
2202,1766878262.5343747
2203,1766878262.5677114
2204,1766878262.601048
2205,1766878262.6343837
2206,1766878262.6677206
2207,1766878262.7010572
2208,1766878262.7343938
2209,1766878262.7677295
2210,1766878262.8010662
2211,1766878262.8344028
2212,1766878262.8677394
2213,1766878262.901075
2214,1766878262.9344118
2215,1766878262.9344118
2216,1766878263.0010843
2217,1766878263.0010843
2218,1766878263.1010942
2219,1766878263.13443
2220,1766878263.1677666
2221,1766878263.23444
2222,1766878263.2677758
2223,1766878263.3011117
2224,1766878263.3344479
2225,1766878263.3677828
2226,1766878263.4011188
2227,1766878263.434455
2228,1766878263.4677908
2229,1766878263.5011258
2230,1766878263.5344617
2231,1766878263.5677977
2232,1766878263.6011326
2233,1766878263.6344688
2234,1766878263.6678047
2235,1766878263.7011406
2236,1766878263.7344756
2237,1766878263.7678115
2238,1766878263.8011475
2239,1766878263.8344834
2240,1766878263.8678184
2241,1766878263.9011545
2242,1766878263.9344904
2243,1766878264.0011613
2244,1766878264.0344973
2245,1766878264.0678332
2246,1766878264.1011682
2247,1766878264.134504
2248,1766878264.16784
2249,1766878264.201176
2250,1766878264.234511
2251,1766878264.267847
2252,1766878264.3011832
2253,1766878264.3345182
2254,1766878264.3678546
2255,1766878264.4011908
2256,1766878264.4345267
2257,1766878264.467862
2258,1766878264.501198
2259,1766878264.5345342
2260,1766878264.5678704
2261,1766878264.6012056
2262,1766878264.6345417
2263,1766878264.6678777
2264,1766878264.701213
2265,1766878264.734549
2266,1766878264.7678852
2267,1766878264.8012214
2268,1766878264.8345566
2269,1766878264.8678927
2270,1766878264.9012291
2271,1766878264.9345644
2272,1766878264.9679008
2273,1766878265.001237
2274,1766878265.034573
2275,1766878265.0679083
2276,1766878265.1012444
2277,1766878265.1345806
2278,1766878265.167917
2279,1766878265.2012522
2280,1766878265.2345884
2281,1766878265.2345884
2282,1766878265.3345962
2283,1766878265.3679326
2284,1766878265.4012687
2285,1766878265.4346042
2286,1766878265.4679403
2287,1766878265.501277
2288,1766878265.5346131
2289,1766878265.5679486
2290,1766878265.6012847
2291,1766878265.6346211
2292,1766878265.6679564
2293,1766878265.7012928
2294,1766878265.7012928
2295,1766878265.7679653
2296,1766878265.8013008
2297,1766878265.8346372
2298,1766878265.8679733
2299,1766878265.9013097
2300,1766878265.9346452
2301,1766878265.9679816
2302,1766878265.9679816
2303,1766878266.0346534
2304,1766878266.0679898
2305,1766878266.1013262
2306,1766878266.1346626
2307,1766878266.167998
2308,1766878266.2013345
2309,1766878266.2346709
2310,1766878266.2346709
2311,1766878266.3013396
2312,1766878266.3346744
2313,1766878266.368009
2314,1766878266.4013426
2315,1766878266.4346774
2316,1766878266.4680116
2317,1766878266.5013463
2318,1766878266.53468
2319,1766878266.5680146
2320,1766878266.601349
2321,1766878266.634683
2322,1766878266.6680174
2323,1766878266.7013521
2324,1766878266.7346869
2325,1766878266.7680202
2326,1766878266.801355
2327,1766878266.8346894
2328,1766878266.868024
2329,1766878266.9013577
2330,1766878266.9346924
2331,1766878266.9680269
2332,1766878267.0013607
2333,1766878267.0346951
2334,1766878267.0680299
2335,1766878267.1013644
2336,1766878267.134698
2337,1766878267.1680324
2338,1766878267.2013671
2339,1766878267.2347016
2340,1766878267.2680364
2341,1766878267.30139
2342,1766878267.3347435
2343,1766878267.3680959
2344,1766878267.4014497
2345,1766878267.4348037
2346,1766878267.4681578
2347,1766878267.5015109
2348,1766878267.5682192
2349,1766878267.6015728
2350,1766878267.6349273
2351,1766878267.7016368
2352,1766878267.7349906
2353,1766878267.7683456
2354,1766878267.8017006
2355,1766878267.8017006
2356,1766878267.86841
2357,1766878267.9017656
2358,1766878267.9351213
2359,1766878268.0018318
2360,1766878268.0685437
2361,1766878268.1018987
2362,1766878268.135255
2363,1766878268.1686113
2364,1766878268.2019677
2365,1766878268.2353234
2366,1766878268.2686799
2367,1766878268.3020144
2368,1766878268.335348
2369,1766878268.3686824
2370,1766878268.4020169
2371,1766878268.4353514
2372,1766878268.4353514
2373,1766878268.502019
2374,1766878268.5353532
2375,1766878268.5686877
2376,1766878268.6353552
2377,1766878268.6686897
2378,1766878268.702023
2379,1766878268.7353573
2380,1766878268.8020256
2381,1766878268.8353589
2382,1766878268.868693
2383,1766878268.9020274
2384,1766878268.9353604
2385,1766878269.0020285
2386,1766878269.0686958
2387,1766878269.10203
2388,1766878269.135364
2389,1766878269.168698
2390,1766878269.2353652
2391,1766878269.2686992
2392,1766878269.3020325
2393,1766878269.368701
2394,1766878269.4020352
2395,1766878269.4353683
2396,1766878269.4687023
2397,1766878269.5020366
2398,1766878269.568704
2399,1766878269.6020381
2400,1766878269.6353722
2401,1766878269.7020392
2402,1766878269.7353733
2403,1766878269.8020406
2404,1766878269.8353746
2405,1766878269.9020422
2406,1766878269.9687092
2407,1766878270.035376
2408,1766878270.0687099
2409,1766878270.1020436
2410,1766878270.1353776
2411,1766878270.1687105
2412,1766878270.2020442
2413,1766878270.235378
2414,1766878270.2687109
2415,1766878270.3020444
2416,1766878270.3353782
2417,1766878270.368712
2418,1766878270.4020448
2419,1766878270.435378
2420,1766878270.4687119
2421,1766878270.5020454
2422,1766878270.535378
2423,1766878270.5687115
2424,1766878270.6353774
2425,1766878270.668711
2426,1766878270.7020445
2427,1766878270.735378
2428,1766878270.7687101
2429,1766878270.8020437
2430,1766878270.8020437
2431,1766878270.8020437
2432,1766878270.9020426
2433,1766878270.9687092
2434,1766878271.0020416
2435,1766878271.068708
2436,1766878271.1020412
2437,1766878271.1353736
2438,1766878271.1687067
2439,1766878271.2020397
2440,1766878271.2353728
2441,1766878271.2687051
2442,1766878271.3020377
2443,1766878271.33537
2444,1766878271.3687015
2445,1766878271.402034
2446,1766878271.4353664
2447,1766878271.4353664
2448,1766878271.5020304
2449,1766878271.5353625
2450,1766878271.5686948
2451,1766878271.6020262
2452,1766878271.6353583
2453,1766878271.6686907
2454,1766878271.7020228
2455,1766878271.735354
2456,1766878271.768686
2457,1766878271.8020182
2458,1766878271.8353503
2459,1766878271.8686814
2460,1766878271.9020133
2461,1766878271.9353452
2462,1766878271.9686763
2463,1766878272.002008
2464,1766878272.002008
2465,1766878272.068672
2466,1766878272.1020026
2467,1766878272.1353345
2468,1766878272.1686664
2469,1766878272.1686664
2470,1766878272.235329
2471,1766878272.2686605
2472,1766878272.3353279
2473,1766878272.368662
2474,1766878272.4019961
2475,1766878272.4353304
2476,1766878272.4686632
2477,1766878272.5019972
2478,1766878272.5353315
2479,1766878272.5353315
2480,1766878272.5353315
2481,1766878272.6353326
2482,1766878272.6686664
2483,1766878272.7019992
2484,1766878272.7353332
2485,1766878272.7686672
2486,1766878272.802001
2487,1766878272.8353338
2488,1766878272.8686678
2489,1766878272.9020014
2490,1766878272.9353342
